,index,y,lables
6961,6961,1.02386,3
6962,6962,1.020021,3
6963,6963,1.020021,3
6964,6964,1.02258,3
6965,6965,1.02386,3
6966,6966,1.026418,3
6967,6967,1.02386,3
6968,6968,1.025139,3
6969,6969,1.021301,3
6970,6970,1.02386,3
6971,6971,1.011065,3
6972,6972,1.021301,3
6973,6973,1.014904,3
6974,6974,1.02386,3
6975,6975,1.020021,3
6976,6976,1.02258,3
6977,6977,1.018742,3
6978,6978,1.025139,3
6979,6979,1.02258,3
6980,6980,1.02258,3
6981,6981,1.025139,3
6982,6982,1.021301,3
6983,6983,1.021301,3
6984,6984,1.017462,3
6985,6985,1.02258,3
6986,6986,1.021301,3
6987,6987,1.02386,3
6988,6988,1.020021,3
6989,6989,1.021301,3
6990,6990,1.018742,3
6991,6991,1.02258,3
6992,6992,1.02386,3
6993,6993,1.021301,3
6994,6994,1.020021,3
6995,6995,1.016183,3
6996,6996,1.02258,3
6997,6997,1.017462,3
6998,6998,1.02258,3
6999,6999,1.020021,3
7000,7000,1.02258,3
7001,7001,1.013624,3
7002,7002,1.021301,3
7003,7003,1.02386,3
7004,7004,1.021301,3
7005,7005,1.02258,3
7006,7006,1.016183,3
7007,7007,1.02258,3
7008,7008,1.018742,3
7009,7009,1.021301,3
7010,7010,1.013624,3
7011,7011,1.02258,3
7012,7012,1.021301,3
7013,7013,1.020021,3
7014,7014,1.02258,3
7015,7015,1.018742,3
7016,7016,1.020021,3
7017,7017,1.013624,3
7018,7018,1.02386,3
7019,7019,1.020021,3
7020,7020,1.021301,3
7021,7021,1.021301,3
7022,7022,1.018742,3
7023,7023,1.021301,3
7024,7024,1.020021,3
7025,7025,1.020021,3
7026,7026,1.018742,3
7027,7027,1.02258,3
7028,7028,1.013624,3
7029,7029,1.020021,3
7030,7030,1.016183,3
7031,7031,1.020021,3
7032,7032,1.020021,3
7033,7033,1.017462,3
7034,7034,1.02258,3
7035,7035,1.017462,3
7036,7036,1.021301,3
7037,7037,1.018742,3
7038,7038,1.021301,3
7039,7039,1.017462,3
7040,7040,1.018742,3
7041,7041,1.020021,3
7042,7042,1.016183,3
7043,7043,1.018742,3
7044,7044,1.017462,3
7045,7045,1.020021,3
7046,7046,1.018742,3
7047,7047,1.020021,3
7048,7048,1.012345,3
7049,7049,1.018742,3
7050,7050,1.017462,3
7051,7051,1.009786,3
7052,7052,1.018742,3
7053,7053,1.018742,3
7054,7054,1.020021,3
7055,7055,1.016183,3
7056,7056,1.018742,3
7057,7057,1.017462,3
7058,7058,1.02258,3
7059,7059,1.012345,3
7060,7060,1.018742,3
7061,7061,1.013624,3
7062,7062,1.018742,3
7063,7063,1.017462,3
7064,7064,1.014904,3
7065,7065,1.018742,3
7066,7066,1.016183,3
7067,7067,1.018742,3
7068,7068,1.016183,3
7069,7069,1.020021,3
7070,7070,1.020021,3
7071,7071,1.018742,3
7072,7072,1.014904,3
7073,7073,1.017462,3
7074,7074,1.020021,3
7075,7075,1.016183,3
7076,7076,1.017462,3
7077,7077,1.016183,3
7078,7078,1.020021,3
7079,7079,1.016183,3
7080,7080,1.018742,3
7081,7081,1.018742,3
7082,7082,1.020021,3
7083,7083,1.014904,3
7084,7084,1.018742,3
7085,7085,1.017462,3
7086,7086,1.016183,3
7087,7087,1.017462,3
7088,7088,1.014904,3
7089,7089,1.017462,3
7090,7090,1.016183,3
7091,7091,1.018742,3
7092,7092,1.017462,3
7093,7093,1.017462,3
7094,7094,1.014904,3
7095,7095,1.014904,3
7096,7096,1.016183,3
7097,7097,1.016183,3
7098,7098,1.017462,3
7099,7099,1.016183,3
7100,7100,1.016183,3
7101,7101,1.013624,3
7102,7102,1.017462,3
7103,7103,1.013624,3
7104,7104,1.018742,3
7105,7105,1.009786,3
7106,7106,1.020021,3
7107,7107,1.016183,3
7108,7108,1.017462,3
7109,7109,1.017462,3
7110,7110,1.016183,3
7111,7111,1.017462,3
7112,7112,1.014904,3
7113,7113,1.017462,3
7114,7114,1.014904,3
7115,7115,1.014904,3
7116,7116,1.008507,3
7117,7117,1.014904,3
7118,7118,1.013624,3
7119,7119,1.016183,3
7120,7120,1.009786,3
7121,7121,1.017462,3
7122,7122,1.017462,3
7123,7123,1.014904,3
7124,7124,1.018742,3
7125,7125,1.016183,3
7126,7126,1.017462,3
7127,7127,1.012345,3
7128,7128,1.016183,3
7129,7129,1.012345,3
7130,7130,1.014904,3
7131,7131,1.004668,3
7132,7132,1.017462,3
7133,7133,1.012345,3
7134,7134,1.018742,3
7135,7135,1.017462,3
7136,7136,1.016183,3
7137,7137,1.014904,3
7138,7138,1.011065,3
7139,7139,1.014904,3
7140,7140,1.014904,3
7141,7141,1.016183,3
7142,7142,1.014904,3
7143,7143,1.014904,3
7144,7144,1.013624,3
7145,7145,1.014904,3
7146,7146,1.013624,3
7147,7147,1.016183,3
7148,7148,1.013624,3
7149,7149,1.012345,3
7150,7150,1.014904,3
7151,7151,1.016183,3
7152,7152,1.016183,3
7153,7153,1.014904,3
7154,7154,1.016183,3
7155,7155,1.013624,3
7156,7156,1.014904,3
7157,7157,1.017462,3
7158,7158,1.018742,3
7159,7159,1.013624,3
7160,7160,1.012345,3
7161,7161,1.014904,3
7162,7162,1.017462,3
7163,7163,1.016183,3
7164,7164,1.017462,3
7165,7165,1.016183,3
7166,7166,1.017462,3
7167,7167,1.017462,3
7168,7168,1.017462,3
7169,7169,1.018742,3
7170,7170,1.016183,3
7171,7171,1.016183,3
7172,7172,1.013624,3
7173,7173,1.016183,3
7174,7174,1.017462,3
7175,7175,1.013624,3
7176,7176,1.016183,3
7177,7177,1.017462,3
7178,7178,1.018742,3
7179,7179,1.017462,3
7180,7180,1.016183,3
7181,7181,1.013624,3
7182,7182,1.014904,3
7183,7183,1.009786,3
7184,7184,1.016183,3
7185,7185,1.016183,3
7186,7186,1.016183,3
7187,7187,1.016183,3
7188,7188,1.014904,3
7189,7189,1.016183,3
7190,7190,1.017462,3
7191,7191,1.016183,3
7192,7192,1.013624,3
7193,7193,1.012345,3
7194,7194,1.013624,3
7195,7195,1.017462,3
7196,7196,1.016183,3
7197,7197,1.014904,3
7198,7198,1.021301,3
7199,7199,1.017462,3
7200,7200,1.018742,3
7201,7201,1.030257,3
7202,7202,1.053286,3
7203,7203,1.043051,3
7204,7204,1.064801,3
7205,7205,1.04433,3
7206,7206,1.045609,3
7207,7207,1.040492,3
7208,7208,1.035374,3
7209,7209,1.037933,3
7210,7210,1.043051,3
7211,7211,1.025139,3
7212,7212,1.028977,3
7213,7213,1.027698,3
7214,7214,1.025139,3
7215,7215,1.025139,3
7216,7216,1.031536,3
7217,7217,1.026418,3
7218,7218,1.025139,3
7219,7219,1.027698,3
7220,7220,1.021301,3
7221,7221,1.027698,3
7222,7222,1.028977,3
7223,7223,1.026418,3
7224,7224,1.026418,3
7225,7225,1.025139,3
7226,7226,1.021301,3
7227,7227,1.02258,3
7228,7228,1.027698,3
7229,7229,1.02386,3
7230,7230,1.027698,3
7231,7231,1.02386,3
7232,7232,1.025139,3
7233,7233,1.025139,3
7234,7234,1.02386,3
7235,7235,1.025139,3
7236,7236,1.02258,3
7237,7237,1.018742,3
7238,7238,1.02258,3
7239,7239,1.02386,3
7240,7240,1.021301,3
7241,7241,1.02386,3
7242,7242,1.021301,3
7243,7243,1.026418,3
7244,7244,1.02258,3
7245,7245,1.02258,3
7246,7246,1.018742,3
7247,7247,1.02386,3
7248,7248,1.018742,3
7249,7249,1.021301,3
7250,7250,1.02386,3
7251,7251,1.02258,3
7252,7252,1.02258,3
7253,7253,1.020021,3
7254,7254,1.02258,3
7255,7255,1.017462,3
7256,7256,1.020021,3
7257,7257,1.018742,3
7258,7258,1.02258,3
7259,7259,1.013624,3
7260,7260,1.020021,3
7261,7261,1.017462,3
7262,7262,1.021301,3
7263,7263,1.020021,3
7264,7264,1.020021,3
7265,7265,1.020021,3
7266,7266,1.021301,3
7267,7267,1.021301,3
7268,7268,1.021301,3
7269,7269,1.020021,3
7270,7270,1.013624,3
7271,7271,1.02258,3
7272,7272,1.020021,3
7273,7273,1.02258,3
7274,7274,1.021301,3
7275,7275,1.021301,3
7276,7276,1.021301,3
7277,7277,1.018742,3
7278,7278,1.021301,3
7279,7279,1.020021,3
7280,7280,1.021301,3
7281,7281,1.013624,3
7282,7282,1.020021,3
7283,7283,1.011065,3
7284,7284,1.018742,3
7285,7285,1.016183,3
7286,7286,1.025139,3
7287,7287,1.009786,3
7288,7288,1.005948,3
7289,7289,1.008507,3
7290,7290,1.003389,3
7291,7291,0.993154,3
7292,7292,0.996992,3
7293,7293,1.00083,3
7294,7294,1.008507,3
7295,7295,1.018742,3
7296,7296,1.018742,3
7297,7297,1.02386,3
7298,7298,1.021301,3
7299,7299,1.021301,3
7300,7300,1.020021,3
7301,7301,1.018742,3
7302,7302,1.017462,3
7303,7303,1.013624,3
7304,7304,1.02258,3
7305,7305,1.020021,3
7306,7306,1.02258,3
7307,7307,1.016183,3
7308,7308,1.018742,3
7309,7309,1.018742,3
7310,7310,1.02386,3
7311,7311,1.018742,3
7312,7312,1.021301,3
7313,7313,1.020021,3
7314,7314,1.012345,3
7315,7315,1.016183,3
7316,7316,1.016183,3
7317,7317,1.018742,3
7318,7318,1.014904,3
7319,7319,1.017462,3
7320,7320,1.018742,3
7321,7321,1.021301,3
7322,7322,1.020021,3
7323,7323,1.02258,3
7324,7324,1.008507,3
7325,7325,1.013624,3
7326,7326,1.021301,3
7327,7327,1.020021,3
7328,7328,1.020021,3
7329,7329,1.017462,3
7330,7330,1.016183,3
7331,7331,1.011065,3
7332,7332,1.014904,3
7333,7333,1.014904,3
7334,7334,1.018742,3
7335,7335,1.013624,3
7336,7336,1.012345,3
7337,7337,1.016183,3
7338,7338,1.017462,3
7339,7339,1.016183,3
7340,7340,1.014904,3
7341,7341,1.016183,3
7342,7342,1.013624,3
7343,7343,1.016183,3
7344,7344,1.014904,3
7345,7345,1.014904,3
7346,7346,1.013624,3
7347,7347,1.011065,3
7348,7348,1.014904,3
7349,7349,1.013624,3
7350,7350,1.014904,3
7351,7351,1.014904,3
7352,7352,1.014904,3
7353,7353,1.017462,3
7354,7354,1.021301,3
7355,7355,1.021301,3
7356,7356,1.026418,3
7357,7357,1.021301,3
7358,7358,1.020021,3
7359,7359,1.017462,3
7360,7360,1.018742,3
7361,7361,1.018742,3
7362,7362,1.02258,3
7363,7363,1.018742,3
7364,7364,1.018742,3
7365,7365,1.018742,3
7366,7366,1.020021,3
7367,7367,1.017462,3
7368,7368,1.014904,3
7369,7369,1.013624,3
7370,7370,1.014904,3
7371,7371,1.005948,3
7372,7372,1.012345,3
7373,7373,1.014904,3
7374,7374,1.017462,3
7375,7375,1.016183,3
7376,7376,1.016183,3
7377,7377,1.017462,3
7378,7378,1.017462,3
7379,7379,1.016183,3
7380,7380,1.011065,3
7381,7381,1.013624,3
7382,7382,1.017462,3
7383,7383,1.014904,3
7384,7384,1.017462,3
7385,7385,1.014904,3
7386,7386,1.018742,3
7387,7387,1.016183,3
7388,7388,1.017462,3
7389,7389,1.017462,3
7390,7390,1.016183,3
7391,7391,1.012345,3
7392,7392,1.017462,3
7393,7393,1.016183,3
7394,7394,1.017462,3
7395,7395,1.016183,3
7396,7396,1.014904,3
7397,7397,1.017462,3
7398,7398,1.016183,3
7399,7399,1.018742,3
7400,7400,1.017462,3
7401,7401,1.017462,3
7402,7402,1.012345,3
7403,7403,1.016183,3
7404,7404,1.016183,3
7405,7405,1.017462,3
7406,7406,1.017462,3
7407,7407,1.016183,3
7408,7408,1.017462,3
7409,7409,1.014904,3
7410,7410,1.021301,3
7411,7411,1.016183,3
7412,7412,1.016183,3
7413,7413,1.009786,3
7414,7414,1.020021,3
7415,7415,1.016183,3
7416,7416,1.017462,3
7417,7417,1.017462,3
7418,7418,1.016183,3
7419,7419,1.017462,3
7420,7420,1.013624,3
7421,7421,1.016183,3
7422,7422,1.016183,3
7423,7423,1.016183,3
7424,7424,1.009786,3
7425,7425,1.018742,3
7426,7426,1.014904,3
7427,7427,1.017462,3
7428,7428,1.009786,3
7429,7429,1.017462,3
7430,7430,1.017462,3
7431,7431,1.016183,3
7432,7432,1.018742,3
7433,7433,1.017462,3
7434,7434,1.018742,3
7435,7435,1.009786,3
7436,7436,1.018742,3
7437,7437,1.014904,3
7438,7438,1.018742,3
7439,7439,1.014904,3
7440,7440,1.017462,3
7441,7441,1.014904,3
7442,7442,1.020021,3
7443,7443,1.013624,3
7444,7444,1.018742,3
7445,7445,1.017462,3
7446,7446,1.009786,3
7447,7447,1.016183,3
7448,7448,1.016183,3
7449,7449,1.017462,3
7450,7450,1.017462,3
7451,7451,1.008507,3
7452,7452,1.013624,3
7453,7453,1.017462,3
7454,7454,1.017462,3
7455,7455,1.016183,3
7456,7456,1.013624,3
7457,7457,1.011065,3
7458,7458,1.014904,3
7459,7459,1.016183,3
7460,7460,1.008507,3
7461,7461,1.016183,3
7462,7462,1.017462,3
7463,7463,1.016183,3
7464,7464,1.016183,3
7465,7465,1.017462,3
7466,7466,1.018742,3
7467,7467,1.016183,3
7468,7468,1.011065,3
7469,7469,1.016183,3
7470,7470,1.018742,3
7471,7471,1.014904,3
7472,7472,1.016183,3
7473,7473,1.014904,3
7474,7474,1.020021,3
7475,7475,1.014904,3
7476,7476,1.017462,3
7477,7477,1.008507,3
7478,7478,1.017462,3
7479,7479,1.012345,3
7480,7480,1.017462,3
7481,7481,1.011065,3
7482,7482,1.017462,3
7483,7483,1.016183,3
7484,7484,1.017462,3
7485,7485,1.017462,3
7486,7486,1.014904,3
7487,7487,1.017462,3
7488,7488,1.013624,3
7489,7489,1.016183,3
7490,7490,1.011065,3
7491,7491,1.020021,3
7492,7492,1.016183,3
7493,7493,1.017462,3
7494,7494,1.014904,3
7495,7495,1.017462,3
7496,7496,1.016183,3
7497,7497,1.017462,3
7498,7498,1.017462,3
7499,7499,1.017462,3
7500,7500,1.016183,3
7501,7501,1.011065,3
7502,7502,1.018742,3
7503,7503,1.013624,3
7504,7504,1.016183,3
7505,7505,1.013624,3
7506,7506,1.018742,3
7507,7507,1.014904,3
7508,7508,1.016183,3
7509,7509,1.018742,3
7510,7510,1.018742,3
7511,7511,1.017462,3
7512,7512,1.012345,3
7513,7513,1.016183,3
7514,7514,1.016183,3
7515,7515,1.016183,3
7516,7516,1.014904,3
7517,7517,1.016183,3
7518,7518,1.016183,3
7519,7519,1.017462,3
7520,7520,1.017462,3
7521,7521,1.016183,3
7522,7522,1.013624,3
7523,7523,1.012345,3
7524,7524,1.012345,3
7525,7525,1.014904,3
7526,7526,1.013624,3
7527,7527,1.017462,3
7528,7528,1.013624,3
7529,7529,1.017462,3
7530,7530,1.020021,3
7531,7531,1.004668,3
7532,7532,1.016183,3
7533,7533,1.017462,3
7534,7534,1.011065,3
7535,7535,1.017462,3
7536,7536,1.016183,3
7537,7537,1.016183,3
7538,7538,1.016183,3
7539,7539,1.014904,3
7540,7540,1.017462,3
7541,7541,1.014904,3
7542,7542,1.020021,3
7543,7543,1.014904,3
7544,7544,1.020021,3
7545,7545,1.011065,3
7546,7546,1.018742,3
7547,7547,1.016183,3
7548,7548,1.016183,3
7549,7549,1.016183,3
7550,7550,1.013624,3
7551,7551,1.016183,3
7552,7552,1.014904,3
7553,7553,1.016183,3
7554,7554,1.014904,3
7555,7555,1.017462,3
7556,7556,1.009786,3
7557,7557,1.018742,3
7558,7558,1.012345,3
7559,7559,1.017462,3
7560,7560,1.017462,3
7561,7561,1.016183,3
7562,7562,1.016183,3
7563,7563,1.017462,3
7564,7564,1.020021,3
7565,7565,1.013624,3
7566,7566,1.016183,3
7567,7567,1.012345,3
7568,7568,1.016183,3
7569,7569,1.013624,3
7570,7570,1.016183,3
7571,7571,1.013624,3
7572,7572,1.014904,3
7573,7573,1.013624,3
7574,7574,1.018742,3
7575,7575,1.020021,3
7576,7576,1.016183,3
7577,7577,1.016183,3
7578,7578,1.011065,3
7579,7579,1.016183,3
7580,7580,1.014904,3
7581,7581,1.016183,3
7582,7582,1.013624,3
7583,7583,1.016183,3
7584,7584,1.012345,3
7585,7585,1.014904,3
7586,7586,1.013624,3
7587,7587,1.016183,3
7588,7588,1.014904,3
7589,7589,1.011065,3
7590,7590,1.014904,3
7591,7591,1.014904,3
7592,7592,1.017462,3
7593,7593,1.017462,3
7594,7594,1.016183,3
7595,7595,1.013624,3
7596,7596,1.020021,3
7597,7597,1.017462,3
7598,7598,1.020021,3
7599,7599,1.016183,3
7600,7600,1.012345,3
7601,7601,1.014904,3
7602,7602,1.014904,3
7603,7603,1.016183,3
7604,7604,1.014904,3
7605,7605,1.017462,3
7606,7606,1.013624,3
7607,7607,1.016183,3
7608,7608,1.016183,3
7609,7609,1.016183,3
7610,7610,1.014904,3
7611,7611,1.00211,3
7612,7612,1.014904,3
7613,7613,1.013624,3
7614,7614,1.016183,3
7615,7615,1.014904,3
7616,7616,1.014904,3
7617,7617,1.013624,3
7618,7618,1.016183,3
7619,7619,1.016183,3
7620,7620,1.018742,3
7621,7621,1.012345,3
7622,7622,1.013624,3
7623,7623,1.008507,3
7624,7624,1.014904,3
7625,7625,1.014904,3
7626,7626,1.012345,3
7627,7627,1.014904,3
7628,7628,1.014904,3
7629,7629,1.016183,3
7630,7630,1.014904,3
7631,7631,1.014904,3
7632,7632,1.012345,3
7633,7633,1.011065,3
7634,7634,1.016183,3
7635,7635,1.016183,3
7636,7636,1.016183,3
7637,7637,1.014904,3
7638,7638,1.016183,3
7639,7639,1.016183,3
7640,7640,1.017462,3
7641,7641,1.016183,3
7642,7642,1.018742,3
7643,7643,1.013624,3
7644,7644,1.011065,3
7645,7645,1.013624,3
7646,7646,1.017462,3
7647,7647,1.014904,3
7648,7648,1.014904,3
7649,7649,1.016183,3
7650,7650,1.018742,3
7651,7651,1.017462,3
7652,7652,1.017462,3
7653,7653,1.016183,3
7654,7654,1.014904,3
7655,7655,1.011065,3
7656,7656,1.014904,3
7657,7657,1.014904,3
7658,7658,1.013624,3
7659,7659,1.014904,3
7660,7660,1.012345,3
7661,7661,1.017462,3
7662,7662,1.016183,3
7663,7663,1.017462,3
7664,7664,1.008507,3
7665,7665,1.016183,3
7666,7666,1.013624,3
7667,7667,1.012345,3
7668,7668,1.016183,3
7669,7669,1.017462,3
7670,7670,1.016183,3
7671,7671,1.012345,3
7672,7672,1.014904,3
7673,7673,1.012345,3
7674,7674,1.018742,3
7675,7675,1.012345,3
7676,7676,1.013624,3
7677,7677,1.00211,3
7678,7678,1.014904,3
7679,7679,1.009786,3
7680,7680,1.013624,3
7681,7681,1.013624,3
7682,7682,1.014904,3
7683,7683,1.014904,3
7684,7684,1.012345,3
7685,7685,1.016183,3
7686,7686,1.012345,3
7687,7687,1.016183,3
7688,7688,1.008507,3
7689,7689,1.013624,3
7690,7690,1.011065,3
7691,7691,1.004668,3
7692,7692,1.013624,3
7693,7693,1.013624,3
7694,7694,1.013624,3
7695,7695,1.014904,3
7696,7696,1.013624,3
7697,7697,1.013624,3
7698,7698,1.014904,3
7699,7699,1.005948,3
7700,7700,1.012345,3
7701,7701,1.009786,3
7702,7702,1.014904,3
7703,7703,1.011065,3
7704,7704,1.013624,3
7705,7705,1.012345,3
7706,7706,1.016183,3
7707,7707,1.009786,3
7708,7708,1.014904,3
7709,7709,1.014904,3
7710,7710,1.007227,3
7711,7711,1.014904,3
7712,7712,1.013624,3
7713,7713,1.014904,3
7714,7714,1.012345,3
7715,7715,1.013624,3
7716,7716,1.012345,3
7717,7717,1.014904,3
7718,7718,1.013624,3
7719,7719,1.014904,3
7720,7720,1.011065,3
7721,7721,1.011065,3
7722,7722,1.007227,3
7723,7723,1.014904,3
7724,7724,1.013624,3
7725,7725,1.012345,3
7726,7726,1.016183,3
7727,7727,1.012345,3
7728,7728,1.013624,3
7729,7729,1.013624,3
7730,7730,1.014904,3
7731,7731,1.011065,3
7732,7732,1.012345,3
7733,7733,1.011065,3
7734,7734,1.014904,3
7735,7735,1.007227,3
7736,7736,1.012345,3
7737,7737,1.013624,3
7738,7738,1.011065,3
7739,7739,1.013624,3
7740,7740,1.014904,3
7741,7741,1.014904,3
7742,7742,1.013624,3
7743,7743,1.009786,3
7744,7744,1.011065,3
7745,7745,1.012345,3
7746,7746,1.012345,3
7747,7747,1.009786,3
7748,7748,1.011065,3
7749,7749,1.012345,3
7750,7750,1.013624,3
7751,7751,1.013624,3
7752,7752,1.016183,3
7753,7753,1.012345,3
7754,7754,1.011065,3
7755,7755,1.013624,3
7756,7756,1.013624,3
7757,7757,1.013624,3
7758,7758,1.012345,3
7759,7759,1.012345,3
7760,7760,1.012345,3
7761,7761,1.014904,3
7762,7762,1.014904,3
7763,7763,1.013624,3
7764,7764,1.013624,3
7765,7765,1.005948,3
7766,7766,1.013624,3
7767,7767,1.009786,3
7768,7768,1.013624,3
7769,7769,1.012345,3
7770,7770,1.013624,3
7771,7771,1.003389,3
7772,7772,1.011065,3
7773,7773,1.013624,3
7774,7774,1.012345,3
7775,7775,1.012345,3
7776,7776,1.005948,3
7777,7777,1.012345,3
7778,7778,1.013624,3
7779,7779,1.012345,3
7780,7780,1.012345,3
7781,7781,1.012345,3
7782,7782,1.013624,3
7783,7783,1.011065,3
7784,7784,1.013624,3
7785,7785,1.011065,3
7786,7786,1.014904,3
7787,7787,1.007227,3
7788,7788,1.013624,3
7789,7789,1.012345,3
7790,7790,1.011065,3
7791,7791,1.012345,3
7792,7792,1.012345,3
7793,7793,1.012345,3
7794,7794,1.009786,3
7795,7795,1.013624,3
7796,7796,1.011065,3
7797,7797,1.013624,3
7798,7798,1.003389,3
7799,7799,1.012345,3
7800,7800,1.012345,3
7801,7801,1.012345,3
7802,7802,1.014904,3
7803,7803,1.012345,3
7804,7804,1.012345,3
7805,7805,1.009786,3
7806,7806,1.014904,3
7807,7807,1.011065,3
7808,7808,1.013624,3
7809,7809,1.005948,3
7810,7810,1.014904,3
7811,7811,1.009786,3
7812,7812,1.013624,3
7813,7813,1.013624,3
7814,7814,1.014904,3
7815,7815,1.013624,3
7816,7816,1.013624,3
7817,7817,1.012345,3
7818,7818,1.011065,3
7819,7819,1.012345,3
7820,7820,1.005948,3
7821,7821,1.016183,3
7822,7822,1.009786,3
7823,7823,1.013624,3
7824,7824,1.012345,3
7825,7825,1.012345,3
7826,7826,1.013624,3
7827,7827,1.012345,3
7828,7828,1.013624,3
7829,7829,1.009786,3
7830,7830,1.016183,3
7831,7831,1.007227,3
7832,7832,1.013624,3
7833,7833,1.005948,3
7834,7834,1.013624,3
7835,7835,1.012345,3
7836,7836,1.012345,3
7837,7837,1.012345,3
7838,7838,1.007227,3
7839,7839,1.009786,3
7840,7840,1.011065,3
7841,7841,1.012345,3
7842,7842,1.005948,3
7843,7843,1.011065,3
7844,7844,1.011065,3
7845,7845,1.011065,3
7846,7846,1.014904,3
7847,7847,1.012345,3
7848,7848,1.012345,3
7849,7849,1.008507,3
7850,7850,1.014904,3
7851,7851,0.999551,3
7852,7852,1.009786,3
7853,7853,1.004668,3
7854,7854,1.013624,3
7855,7855,1.009786,3
7856,7856,1.009786,3
7857,7857,1.011065,3
7858,7858,1.007227,3
7859,7859,1.009786,3
7860,7860,1.008507,3
7861,7861,1.012345,3
7862,7862,1.011065,3
7863,7863,1.009786,3
7864,7864,1.003389,3
7865,7865,1.009786,3
7866,7866,1.007227,3
7867,7867,1.008507,3
7868,7868,1.008507,3
7869,7869,1.008507,3
7870,7870,1.009786,3
7871,7871,1.005948,3
7872,7872,1.008507,3
7873,7873,1.005948,3
7874,7874,1.011065,3
7875,7875,1.00211,3
7876,7876,1.007227,3
7877,7877,1.003389,3
7878,7878,1.005948,3
7879,7879,1.009786,3
7880,7880,1.008507,3
7881,7881,1.008507,3
7882,7882,1.004668,3
7883,7883,1.007227,3
7884,7884,1.005948,3
7885,7885,1.008507,3
7886,7886,0.999551,3
7887,7887,1.008507,3
7888,7888,1.007227,3
7889,7889,1.007227,3
7890,7890,1.007227,3
7891,7891,1.004668,3
7892,7892,1.007227,3
7893,7893,1.004668,3
7894,7894,1.011065,3
7895,7895,1.003389,3
7896,7896,1.007227,3
7897,7897,1.003389,3
7898,7898,1.004668,3
7899,7899,1.005948,3
7900,7900,1.004668,3
7901,7901,1.005948,3
7902,7902,1.003389,3
7903,7903,1.004668,3
7904,7904,1.004668,3
7905,7905,1.007227,3
7906,7906,1.00083,3
7907,7907,1.007227,3
7908,7908,1.00211,3
7909,7909,1.005948,3
7910,7910,1.005948,3
7911,7911,1.004668,3
7912,7912,1.005948,3
7913,7913,1.003389,3
7914,7914,1.008507,3
7915,7915,1.004668,3
7916,7916,1.007227,3
7917,7917,1.007227,3
7918,7918,1.005948,3
7919,7919,1.00211,3
7920,7920,1.007227,3
7921,7921,1.005948,3
7922,7922,1.004668,3
7923,7923,1.008507,3
7924,7924,1.003389,3
7925,7925,1.005948,3
7926,7926,1.007227,3
7927,7927,1.005948,3
7928,7928,1.004668,3
7929,7929,1.003389,3
7930,7930,1.003389,3
7931,7931,0.994433,3
7932,7932,0.996992,3
7933,7933,1.00083,3
7934,7934,1.004668,3
7935,7935,1.003389,3
7936,7936,1.004668,3
7937,7937,1.003389,3
7938,7938,1.008507,3
7939,7939,1.004668,3
7940,7940,1.004668,3
7941,7941,1.00083,3
7942,7942,1.005948,3
7943,7943,1.004668,3
7944,7944,1.005948,3
7945,7945,1.005948,3
7946,7946,1.00211,3
7947,7947,1.004668,3
7948,7948,1.00211,3
7949,7949,1.005948,3
7950,7950,1.003389,3
7951,7951,1.005948,3
7952,7952,0.993154,3
7953,7953,1.005948,3
7954,7954,1.005948,3
7955,7955,1.00211,3
7956,7956,1.004668,3
7957,7957,1.003389,3
7958,7958,1.004668,3
7959,7959,1.00211,3
7960,7960,1.004668,3
7961,7961,1.00211,3
7962,7962,1.005948,3
7963,7963,0.996992,3
7964,7964,1.004668,3
7965,7965,0.998271,3
7966,7966,1.004668,3
7967,7967,1.003389,3
7968,7968,1.00211,3
7969,7969,1.003389,3
7970,7970,1.003389,3
7971,7971,1.004668,3
7972,7972,1.00211,3
7973,7973,1.004668,3
7974,7974,0.998271,3
7975,7975,1.007227,3
7976,7976,1.00083,3
7977,7977,1.004668,3
7978,7978,0.996992,3
7979,7979,1.004668,3
7980,7980,1.005948,3
7981,7981,1.003389,3
7982,7982,1.007227,3
7983,7983,1.003389,3
7984,7984,1.003389,3
7985,7985,0.996992,3
7986,7986,1.007227,3
7987,7987,1.00083,3
7988,7988,1.003389,3
7989,7989,1.00211,3
7990,7990,1.003389,3
7991,7991,1.003389,3
7992,7992,1.00083,3
7993,7993,1.004668,3
7994,7994,1.00211,3
7995,7995,1.003389,3
7996,7996,0.996992,3
7997,7997,1.00211,3
7998,7998,0.999551,3
7999,7999,1.003389,3
8000,8000,1.003389,3
8001,8001,1.004668,3
8002,8002,1.005948,3
8003,8003,1.003389,3
8004,8004,1.004668,3
8005,8005,1.003389,3
8006,8006,1.004668,3
8007,8007,0.998271,3
8008,8008,1.005948,3
8009,8009,1.00083,3
8010,8010,1.005948,3
8011,8011,0.994433,3
8012,8012,1.00211,3
8013,8013,1.003389,3
8014,8014,1.003389,3
8015,8015,1.003389,3
8016,8016,1.00083,3
8017,8017,1.00211,3
8018,8018,0.995713,3
8019,8019,1.003389,3
8020,8020,0.998271,3
8021,8021,1.003389,3
8022,8022,1.00211,3
8023,8023,1.00211,3
8024,8024,1.003389,3
8025,8025,0.999551,3
8026,8026,1.003389,3
8027,8027,1.00083,3
8028,8028,1.003389,3
8029,8029,0.990595,3
8030,8030,1.003389,3
8031,8031,1.00211,3
8032,8032,1.004668,3
8033,8033,1.005948,3
8034,8034,1.00211,3
8035,8035,1.004668,3
8036,8036,1.003389,3
8037,8037,1.009786,3
8038,8038,1.004668,3
8039,8039,1.012345,3
8040,8040,1.005948,3
8041,8041,1.009786,3
8042,8042,1.011065,3
8043,8043,1.011065,3
8044,8044,1.009786,3
8045,8045,1.007227,3
8046,8046,1.012345,3
8047,8047,1.003389,3
8048,8048,1.011065,3
8049,8049,1.011065,3
8050,8050,1.011065,3
8051,8051,1.007227,3
8052,8052,1.009786,3
8053,8053,1.011065,3
8054,8054,1.007227,3
8055,8055,1.011065,3
8056,8056,1.011065,3
8057,8057,1.007227,3
8058,8058,1.012345,3
8059,8059,1.009786,3
8060,8060,1.011065,3
8061,8061,1.007227,3
8062,8062,1.008507,3
8063,8063,1.009786,3
8064,8064,1.011065,3
8065,8065,1.009786,3
8066,8066,1.009786,3
8067,8067,1.011065,3
8068,8068,1.007227,3
8069,8069,1.008507,3
8070,8070,1.011065,3
8071,8071,1.011065,3
8072,8072,1.009786,3
8073,8073,1.004668,3
8074,8074,1.013624,3
8075,8075,1.009786,3
8076,8076,1.009786,3
8077,8077,1.008507,3
8078,8078,1.013624,3
8079,8079,1.008507,3
8080,8080,1.011065,3
8081,8081,1.011065,3
8082,8082,1.008507,3
8083,8083,1.008507,3
8084,8084,1.005948,3
8085,8085,1.011065,3
8086,8086,1.009786,3
8087,8087,1.011065,3
8088,8088,1.008507,3
8089,8089,1.011065,3
8090,8090,1.009786,3
8091,8091,0.996992,3
8092,8092,1.007227,3
8093,8093,1.007227,3
8094,8094,1.011065,3
8095,8095,1.00211,3
8096,8096,1.009786,3
8097,8097,1.005948,3
8098,8098,1.012345,3
8099,8099,1.00211,3
8100,8100,1.009786,3
8101,8101,1.009786,3
8102,8102,1.008507,3
8103,8103,1.009786,3
8104,8104,1.005948,3
8105,8105,1.008507,3
8106,8106,1.003389,3
8107,8107,1.009786,3
8108,8108,1.00211,3
8109,8109,1.008507,3
8110,8110,1.009786,3
8111,8111,1.008507,3
8112,8112,1.008507,3
8113,8113,1.008507,3
8114,8114,1.011065,3
8115,8115,1.007227,3
8116,8116,1.008507,3
8117,8117,1.003389,3
8118,8118,1.012345,3
8119,8119,1.007227,3
8120,8120,1.008507,3
8121,8121,1.008507,3
8122,8122,1.011065,3
8123,8123,1.008507,3
8124,8124,1.009786,3
8125,8125,1.009786,3
8126,8126,1.009786,3
8127,8127,1.009786,3
8128,8128,1.00211,3
8129,8129,1.008507,3
8130,8130,1.00083,3
8131,8131,1.011065,3
8132,8132,1.004668,3
8133,8133,1.009786,3
8134,8134,1.008507,3
8135,8135,1.009786,3
8136,8136,1.011065,3
8137,8137,1.005948,3
8138,8138,1.009786,3
8139,8139,1.003389,3
8140,8140,1.008507,3
8141,8141,1.003389,3
8142,8142,1.007227,3
8143,8143,1.005948,3
8144,8144,1.011065,3
8145,8145,1.005948,3
8146,8146,1.011065,3
8147,8147,1.004668,3
8148,8148,1.009786,3
8149,8149,1.008507,3
8150,8150,1.004668,3
8151,8151,1.007227,3
8152,8152,1.007227,3
8153,8153,1.008507,3
8154,8154,1.005948,3
8155,8155,1.008507,3
8156,8156,1.005948,3
8157,8157,1.011065,3
8158,8158,1.011065,3
8159,8159,1.009786,3
8160,8160,1.007227,3
8161,8161,1.004668,3
8162,8162,1.00211,3
8163,8163,1.008507,3
8164,8164,1.008507,3
8165,8165,1.008507,3
8166,8166,1.008507,3
8167,8167,1.008507,3
8168,8168,1.008507,3
8169,8169,1.008507,3
8170,8170,1.011065,3
8171,8171,0.995713,3
8172,8172,1.003389,3
8173,8173,1.004668,3
8174,8174,1.008507,3
8175,8175,1.005948,3
8176,8176,1.007227,3
8177,8177,1.004668,3
8178,8178,1.009786,3
8179,8179,1.007227,3
8180,8180,1.008507,3
8181,8181,1.008507,3
8182,8182,1.007227,3
8183,8183,1.003389,3
8184,8184,1.007227,3
8185,8185,1.007227,3
8186,8186,1.004668,3
8187,8187,1.007227,3
8188,8188,1.005948,3
8189,8189,1.007227,3
8190,8190,1.004668,3
8191,8191,1.007227,3
8192,8192,1.005948,3
8193,8193,1.007227,3
8194,8194,1.00211,3
8195,8195,1.005948,3
8196,8196,1.007227,3
8197,8197,1.005948,3
8198,8198,1.007227,3
8199,8199,1.003389,3
8200,8200,1.007227,3
8201,8201,1.005948,3
8202,8202,1.011065,3
8203,8203,1.004668,3
8204,8204,1.007227,3
8205,8205,0.995713,3
8206,8206,1.008507,3
8207,8207,1.007227,3
8208,8208,1.007227,3
8209,8209,1.005948,3
8210,8210,1.005948,3
8211,8211,1.005948,3
8212,8212,1.005948,3
8213,8213,1.007227,3
8214,8214,1.005948,3
8215,8215,1.007227,3
8216,8216,1.00083,3
8217,8217,1.009786,3
8218,8218,1.007227,3
8219,8219,1.007227,3
8220,8220,1.007227,3
8221,8221,1.007227,3
8222,8222,1.009786,3
8223,8223,1.004668,3
8224,8224,1.009786,3
8225,8225,1.005948,3
8226,8226,1.008507,3
8227,8227,0.999551,3
8228,8228,1.005948,3
8229,8229,1.004668,3
8230,8230,1.008507,3
8231,8231,1.004668,3
8232,8232,1.007227,3
8233,8233,1.004668,3
8234,8234,1.011065,3
8235,8235,1.009786,3
8236,8236,1.005948,3
8237,8237,1.004668,3
8238,8238,1.004668,3
8239,8239,1.007227,3
8240,8240,1.004668,3
8241,8241,1.007227,3
8242,8242,1.005948,3
8243,8243,1.005948,3
8244,8244,1.00211,3
8245,8245,1.005948,3
8246,8246,1.005948,3
8247,8247,1.008507,3
8248,8248,1.004668,3
8249,8249,1.003389,3
8250,8250,1.007227,3
8251,8251,0.994433,3
8252,8252,1.003389,3
8253,8253,1.003389,3
8254,8254,1.008507,3
8255,8255,1.004668,3
8256,8256,1.005948,3
8257,8257,1.004668,3
8258,8258,1.009786,3
8259,8259,1.003389,3
8260,8260,1.00211,3
8261,8261,1.004668,3
8262,8262,1.007227,3
8263,8263,1.005948,3
8264,8264,1.00211,3
8265,8265,1.005948,3
8266,8266,1.005948,3
8267,8267,1.005948,3
8268,8268,1.004668,3
8269,8269,1.005948,3
8270,8270,1.003389,3
8271,8271,1.00211,3
8272,8272,1.003389,3
8273,8273,1.005948,3
8274,8274,1.004668,3
8275,8275,1.005948,3
8276,8276,1.005948,3
8277,8277,1.004668,3
8278,8278,1.005948,3
8279,8279,1.005948,3
8280,8280,1.007227,3
8281,8281,1.004668,3
8282,8282,1.004668,3
8283,8283,1.003389,3
8284,8284,1.005948,3
8285,8285,1.004668,3
8286,8286,1.008507,3
8287,8287,1.005948,3
8288,8288,1.007227,3
8289,8289,1.005948,3
8290,8290,1.007227,3
8291,8291,1.005948,3
8292,8292,1.005948,3
8293,8293,1.00083,3
8294,8294,1.004668,3
8295,8295,1.005948,3
8296,8296,1.003389,3
8297,8297,1.005948,3
8298,8298,1.003389,3
8299,8299,1.005948,3
8300,8300,1.004668,3
8301,8301,1.005948,3
8302,8302,1.005948,3
8303,8303,1.005948,3
8304,8304,1.00083,3
8305,8305,1.005948,3
8306,8306,1.007227,3
8307,8307,1.004668,3
8308,8308,1.005948,3
8309,8309,1.004668,3
8310,8310,1.008507,3
8311,8311,1.003389,3
8312,8312,1.005948,3
8313,8313,1.005948,3
8314,8314,1.005948,3
8315,8315,1.00083,3
8316,8316,1.005948,3
8317,8317,1.004668,3
8318,8318,1.005948,3
8319,8319,1.005948,3
8320,8320,1.003389,3
8321,8321,1.005948,3
8322,8322,1.004668,3
8323,8323,1.005948,3
8324,8324,1.004668,3
8325,8325,1.005948,3
8326,8326,0.994433,3
8327,8327,1.005948,3
8328,8328,1.00083,3
8329,8329,1.005948,3
8330,8330,1.007227,3
8331,8331,0.995713,3
8332,8332,1.004668,3
8333,8333,1.00211,3
8334,8334,1.008507,3
8335,8335,1.003389,3
8336,8336,1.004668,3
8337,8337,0.998271,3
8338,8338,1.007227,3
8339,8339,1.003389,3
8340,8340,1.004668,3
8341,8341,1.004668,3
8342,8342,1.004668,3
8343,8343,1.005948,3
8344,8344,1.00211,3
8345,8345,1.005948,3
8346,8346,1.00211,3
8347,8347,1.004668,3
8348,8348,0.999551,3
8349,8349,1.004668,3
8350,8350,1.004668,3
8351,8351,1.004668,3
8352,8352,1.004668,3
8353,8353,1.004668,3
8354,8354,1.004668,3
8355,8355,1.00083,3
8356,8356,1.004668,3
8357,8357,1.00211,3
8358,8358,1.007227,3
8359,8359,0.998271,3
8360,8360,1.004668,3
8361,8361,1.003389,3
8362,8362,1.00211,3
8363,8363,1.004668,3
8364,8364,1.004668,3
8365,8365,1.004668,3
8366,8366,1.00211,3
8367,8367,1.004668,3
8368,8368,1.003389,3
8369,8369,1.004668,3
8370,8370,1.00083,3
8371,8371,1.005948,3
8372,8372,1.003389,3
8373,8373,1.003389,3
8374,8374,1.008507,3
8375,8375,1.004668,3
8376,8376,1.004668,3
8377,8377,1.00211,3
8378,8378,1.007227,3
8379,8379,1.00211,3
8380,8380,1.005948,3
8381,8381,0.998271,3
8382,8382,1.007227,3
8383,8383,0.999551,3
8384,8384,1.004668,3
8385,8385,1.004668,3
8386,8386,1.005948,3
8387,8387,1.004668,3
8388,8388,1.003389,3
8389,8389,1.005948,3
8390,8390,1.004668,3
8391,8391,1.005948,3
8392,8392,0.993154,3
8393,8393,1.004668,3
8394,8394,1.004668,3
8395,8395,1.003389,3
8396,8396,1.003389,3
8397,8397,1.00083,3
8398,8398,1.00211,3
8399,8399,1.003389,3
8400,8400,1.003389,3
8401,8401,1.00211,3
8402,8402,1.003389,3
8403,8403,0.996992,3
8404,8404,1.00083,3
8405,8405,1.00083,3
8406,8406,1.00083,3
8407,8407,1.00211,3
8408,8408,0.996992,3
8409,8409,1.00211,3
8410,8410,1.004668,3
8411,8411,0.998271,3
8412,8412,0.996992,3
8413,8413,1.00211,3
8414,8414,0.996992,3
8415,8415,1.00211,3
8416,8416,1.00083,3
8417,8417,0.998271,3
8418,8418,1.003389,3
8419,8419,0.999551,3
8420,8420,1.00211,3
8421,8421,1.00211,3
8422,8422,1.003389,3
8423,8423,1.00083,3
8424,8424,1.00083,3
8425,8425,0.996992,3
8426,8426,0.999551,3
8427,8427,1.00083,3
8428,8428,0.999551,3
8429,8429,0.999551,3
8430,8430,1.00083,3
8431,8431,1.00211,3
8432,8432,1.00083,3
8433,8433,1.00211,3
8434,8434,1.00083,3
8435,8435,0.998271,3
8436,8436,0.995713,3
8437,8437,0.998271,3
8438,8438,1.003389,3
8439,8439,0.998271,3
8440,8440,1.00083,3
8441,8441,1.00083,3
8442,8442,0.998271,3
8443,8443,1.00083,3
8444,8444,0.999551,3
8445,8445,0.999551,3
8446,8446,0.998271,3
8447,8447,0.995713,3
8448,8448,0.993154,3
